{"bins": [300.0, 311.0, 322.0, 333.0, 344.0, 355.0, 366.0, 377.0, 388.0, 399.0, 410.0, 421.0, 432.0, 443.0, 454.0, 465.0, 476.0, 487.0, 498.0, 509.0, 520.0, 531.0, 542.0, 553.0, 564.0, 575.0, 586.0, 597.0, 608.0, 619.0, 630.0, 641.0, 652.0, 663.0, 674.0, 685.0, 696.0, 707.0, 718.0, 729.0, 740.0, 751.0, 762.0, 773.0, 784.0, 795.0, 806.0, 817.0, 828.0, 839.0, 850.0], "counts_buenos": [0, 0, 0, 0, 0, 0, 0, 0, 0, 0, 0, 0, 0, 0, 0, 0, 0, 0, 0, 0, 0, 5, 54, 377, 1649, 4232, 6928, 7902, 7758, 5741, 3874, 2271, 934, 203, 13, 1, 0, 0, 0, 0, 0, 0, 0, 0, 0, 0, 0, 0, 0, 0], "counts_malos": [0, 0, 0, 0, 0, 0, 0, 0, 0, 0, 0, 0, 0, 0, 0, 0, 0, 0, 0, 0, 0, 4, 90, 540, 1388, 2479, 2690, 2018, 1387, 702, 327, 115, 24, 0, 0, 0, 0, 0, 0, 0, 0, 0, 0, 0, 0, 0, 0, 0, 0, 0], "media_general": 605.280926172501, "stats_buenos": {"min": 533.9231166944012, "q1": 592.7670383012992, "mediana": 607.7473201016387, "q3": 623.3233609834392, "max": 686.3298354434446}, "stats_malos": {"min": 531.8899790717372, "q1": 579.6128824763897, "mediana": 591.4426519317566, "q3": 605.5800008623476, "max": 659.3205586250655}}