{"bins": [300.0, 311.0, 322.0, 333.0, 344.0, 355.0, 366.0, 377.0, 388.0, 399.0, 410.0, 421.0, 432.0, 443.0, 454.0, 465.0, 476.0, 487.0, 498.0, 509.0, 520.0, 531.0, 542.0, 553.0, 564.0, 575.0, 586.0, 597.0, 608.0, 619.0, 630.0, 641.0, 652.0, 663.0, 674.0, 685.0, 696.0, 707.0, 718.0, 729.0, 740.0, 751.0, 762.0, 773.0, 784.0, 795.0, 806.0, 817.0, 828.0, 839.0, 850.0], "counts_buenos": [0, 0, 0, 0, 0, 0, 0, 0, 0, 0, 0, 0, 0, 0, 0, 0, 0, 0, 0, 0, 0, 0, 0, 8, 48, 190, 657, 1624, 3259, 4837, 6024, 6897, 6380, 5025, 3126, 1778, 1048, 545, 298, 113, 56, 26, 3, 0, 0, 0, 0, 0, 0, 0], "counts_malos": [0, 0, 0, 0, 0, 0, 0, 0, 0, 0, 0, 0, 0, 0, 0, 0, 0, 0, 0, 0, 0, 0, 1, 18, 75, 278, 787, 1402, 1915, 2116, 1811, 1491, 944, 539, 228, 96, 37, 17, 7, 2, 0, 0, 0, 0, 0, 0, 0, 0, 0, 0], "media_general": 644.0941934332554, "stats_buenos": {"min": 557.0612911546621, "q1": 629.7490164607115, "mediana": 648.0125882937095, "q3": 665.9293098919534, "max": 767.695381162234}, "stats_malos": {"min": 549.8842185876103, "q1": 610.445151201814, "mediana": 626.1043594969417, "q3": 643.8211883577836, "max": 732.5227159867677}}