{"bins": [300.0, 311.0, 322.0, 333.0, 344.0, 355.0, 366.0, 377.0, 388.0, 399.0, 410.0, 421.0, 432.0, 443.0, 454.0, 465.0, 476.0, 487.0, 498.0, 509.0, 520.0, 531.0, 542.0, 553.0, 564.0, 575.0, 586.0, 597.0, 608.0, 619.0, 630.0, 641.0, 652.0, 663.0, 674.0, 685.0, 696.0, 707.0, 718.0, 729.0, 740.0, 751.0, 762.0, 773.0, 784.0, 795.0, 806.0, 817.0, 828.0, 839.0, 850.0], "counts_buenos": [0, 0, 0, 0, 0, 0, 0, 0, 0, 0, 0, 0, 0, 0, 0, 0, 0, 0, 0, 0, 0, 2, 65, 418, 1822, 4350, 6817, 7607, 7800, 5825, 3902, 2237, 891, 195, 10, 1, 0, 0, 0, 0, 0, 0, 0, 0, 0, 0, 0, 0, 0, 0], "counts_malos": [0, 0, 0, 0, 0, 0, 0, 0, 0, 0, 0, 0, 0, 0, 0, 0, 0, 0, 0, 0, 1, 4, 98, 590, 1497, 2476, 2559, 1910, 1457, 718, 322, 110, 22, 0, 0, 0, 0, 0, 0, 0, 0, 0, 0, 0, 0, 0, 0, 0, 0, 0], "media_general": 605.0131871922915, "stats_buenos": {"min": 535.9195807365951, "q1": 592.3738397410893, "mediana": 607.8597619288162, "q3": 623.3068338806479, "max": 685.6053826042561}, "stats_malos": {"min": 528.4824730515803, "q1": 578.8429023898649, "mediana": 590.9441838658452, "q3": 605.9417991526302, "max": 659.2161720352977}}